,split_group,gender,age_group,country_group,os,cnt_users,paid_users,amount_0_1d,amount_1_3d,amount_3_7d,amount_7_14d,amount_14_30d,fact_total_revenue,CR_to_paid,ARPU,ARPPU,LTV
0,0,female,35-,Other,Android,2341,12,0.05879111490815891,0.0,0.0013680051260145237,0.001196680295356075,0.0,170.05,0.0051260145237078175,0.07263989747970953,14.170833333333334,0.004456879045722551
1,0,female,35-,Other,Chrome OS,9,0,0.0,0.0,0.0,0.0,0.0,0.0,0.0,0.0,,0.0
2,0,female,35-,Other,GNU/Linux,11,0,0.0,0.0,0.0,0.0,0.0,0.0,0.0,0.0,,0.0
3,0,female,35-,Other,Mac,64,0,0.0,0.0,0.0,0.0,0.0,0.0,0.0,0.0,,0.0
4,0,female,35-,Other,Other,1,0,0.0,0.0,0.0,0.0,0.0,0.0,0.0,0.0,,0.0
5,0,female,35-,Other,Windows,405,1,0.2591358024691358,0.0,0.0,0.0,0.0,104.95,0.0024691358024691358,0.2591358024691358,104.95,0.06715136412132297
6,0,female,35-,Other,iOS,458,3,0.013471615720524016,0.0,0.0,0.0009326263256394261,0.0,9.16,0.006550218340611353,0.02,3.0533333333333332,0.0002880848409232689
7,0,female,35-,Other,iPadOS,4,0,0.0,0.0,0.0,0.0,0.0,0.0,0.0,0.0,,0.0
8,0,female,35-,"UK, GB, CA, NZ, AU",Android,3164,20,0.022597977243994944,0.027281921618204807,0.019085018963337547,0.005175185118295108,0.0,600.3,0.006321112515802781,0.18972819216182046,30.014999999999997,0.014066467698224585
9,0,female,35-,"UK, GB, CA, NZ, AU",Chrome OS,115,0,0.0,0.0,0.0,0.0,0.0,0.0,0.0,0.0,,0.0
10,0,female,35-,"UK, GB, CA, NZ, AU",GNU/Linux,87,0,0.0,0.0,0.0,0.0,0.0,0.0,0.0,0.0,,0.0
11,0,female,35-,"UK, GB, CA, NZ, AU",Mac,247,3,0.0,0.015607287449392713,0.003896761133603239,0.008843262001156739,0.0,26.85,0.012145748987854251,0.10870445344129555,8.950000000000001,0.003081478903580971
12,0,female,35-,"UK, GB, CA, NZ, AU",Other,12,0,0.0,0.0,0.0,0.0,0.0,0.0,0.0,0.0,,0.0
13,0,female,35-,"UK, GB, CA, NZ, AU",Windows,340,1,0.011147058823529413,0.0,0.0,0.0,0.0,3.79,0.0029411764705882353,0.011147058823529413,3.79,0.00012425692041522494
14,0,female,35-,"UK, GB, CA, NZ, AU",iOS,2281,16,0.11468215694870672,0.012494519947391498,0.0,0.0009588526335567104,0.0,333.90000000000003,0.0070144673388864535,0.14638316527838668,20.868750000000002,0.018756884397173074
15,0,female,35-,"UK, GB, CA, NZ, AU",iPadOS,91,0,0.0,0.0,0.0,0.0,0.0,0.0,0.0,0.0,,0.0
16,0,female,35-,United States,Android,6798,40,0.08333774639599882,0.04080391291556341,0.01698698146513681,0.00113352666750725,0.0028683068549573408,1949.13,0.005884083553986467,0.2867210944395411,48.72825,0.04161196842758588
17,0,female,35-,United States,Chrome OS,277,1,0.010794223826714803,0.0,0.0,0.0,0.0,2.99,0.0036101083032490976,0.010794223826714803,2.99,0.00011651526802121756
18,0,female,35-,United States,GNU/Linux,56,0,0.0,0.0,0.0,0.0,0.0,0.0,0.0,0.0,,0.0
19,0,female,35-,United States,Mac,345,3,0.017333333333333336,0.004333333333333334,0.0,0.0,0.0,8.97,0.008695652173913044,0.026000000000000002,2.99,0.0005633333333333335
20,0,female,35-,United States,Other,25,0,0.0,0.0,0.0,0.0,0.0,0.0,0.0,0.0,,0.0
21,0,female,35-,United States,Windows,763,1,0.003918741808650066,0.0,0.0,0.0,0.0,2.99,0.001310615989515072,0.003918741808650066,2.99,1.535653736286199e-05
22,0,female,35-,United States,iOS,4949,42,0.06659123055162659,0.013022832895534452,0.01271923620933522,0.0003461016655601423,0.0003405991109315013,749.21,0.008486562942008486,0.15138613861386138,17.838333333333335,0.014081938679409753
23,0,female,35-,United States,iPadOS,156,0,0.0,0.0,0.0,0.0,0.0,0.0,0.0,0.0,,0.0
24,0,female,35-45,Other,Android,1154,9,0.05234835355285962,0.002590987868284229,0.0,0.0,0.0,66.39,0.00779896013864818,0.05753032928942808,7.376666666666667,0.0031606784029027213
25,0,female,35-45,Other,Chrome OS,2,0,0.0,0.0,0.0,0.0,0.0,0.0,0.0,0.0,,0.0
26,0,female,35-45,Other,GNU/Linux,9,0,0.0,0.0,0.0,0.0,0.0,0.0,0.0,0.0,,0.0
27,0,female,35-45,Other,Mac,30,0,0.0,0.0,0.0,0.0,0.0,0.0,0.0,0.0,,0.0
28,0,female,35-45,Other,Windows,197,3,0.4703045685279188,0.0,0.0,0.0,0.0,92.65,0.015228426395939087,0.4703045685279188,30.883333333333336,0.22118638717823186
29,0,female,35-45,Other,iOS,171,1,0.017485380116959066,0.0,0.0,0.0,0.0,2.99,0.005847953216374269,0.017485380116959066,2.99,0.00030573851783454744
30,0,female,35-45,Other,iPadOS,3,0,0.0,0.0,0.0,0.0,0.0,0.0,0.0,0.0,,0.0
31,0,female,35-45,"UK, GB, CA, NZ, AU",Android,2206,37,0.1851631912964642,0.006699909338168631,0.009043517679057117,0.0,0.0001694242973708069,523.81,0.016772438803263828,0.2374478694469628,14.157027027027025,0.04774507791482308
32,0,female,35-45,"UK, GB, CA, NZ, AU",Chrome OS,18,1,0.0,0.10305555555555555,0.0,0.0,0.0,3.71,0.05555555555555555,0.2061111111111111,3.71,0.021240895061728392
33,0,female,35-45,"UK, GB, CA, NZ, AU",GNU/Linux,40,0,0.0,0.0,0.0,0.0,0.0,0.0,0.0,0.0,,0.0
34,0,female,35-45,"UK, GB, CA, NZ, AU",Mac,61,0,0.0,0.0,0.0,0.0,0.0,0.0,0.0,0.0,,0.0
35,0,female,35-45,"UK, GB, CA, NZ, AU",Other,3,0,0.0,0.0,0.0,0.0,0.0,0.0,0.0,0.0,,0.0
36,0,female,35-45,"UK, GB, CA, NZ, AU",Windows,260,1,0.014461538461538461,0.0,0.0,0.0,0.0,3.76,0.0038461538461538464,0.014461538461538461,3.76,0.0002091360946745562
37,0,female,35-45,"UK, GB, CA, NZ, AU",iOS,867,14,0.21209919261822374,0.01102652825836217,0.000862168396770473,0.0006145987806887461,0.000265282583621684,213.41,0.016147635524798153,0.24614763552479815,15.243571428571428,0.05535067004819432
38,0,female,35-45,"UK, GB, CA, NZ, AU",iPadOS,7,0,0.0,0.0,0.0,0.0,0.0,0.0,0.0,0.0,,0.0
39,0,female,35-45,United States,Android,5064,46,0.03843799368088468,0.0014761058451816748,0.01142821879936809,0.003973707966598961,0.0004804749210110584,620.88,0.009083728278041074,0.12260663507109004,13.497391304347826,0.0068410212624713754
40,0,female,35-45,United States,Chrome OS,44,1,0.06795454545454546,0.0,0.0,0.0,0.0,2.99,0.022727272727272728,0.06795454545454546,2.99,0.004617820247933885
41,0,female,35-45,United States,GNU/Linux,182,1,0.06912087912087912,0.0,0.0,0.0,0.0,12.58,0.005494505494505495,0.06912087912087912,12.58,0.004777695930443184
42,0,female,35-45,United States,Mac,308,1,0.10707792207792206,0.1460551948051948,0.2434577922077922,0.5843645640074211,1.14442775974026,7322.52,0.003246753246753247,23.774415584415586,7322.52,52.907185812094916
43,0,female,35-45,United States,Other,4,0,0.0,0.0,0.0,0.0,0.0,0.0,0.0,0.0,,0.0
44,0,female,35-45,United States,Windows,898,8,0.026636971046770604,0.09346325167037862,0.021701002227171497,0.0,0.0,269.7300000000001,0.008908685968819599,0.3003674832962139,33.71625000000001,0.042592477064845924
45,0,female,35-45,United States,iOS,1922,13,0.09357960457856399,0.04057232049947971,0.0015595733610822072,0.001113423517169615,0.0,362.79,0.006763787721123829,0.18875650364203955,27.90692307692308,0.02582659387956527
46,0,female,35-45,United States,iPadOS,33,0,0.0,0.0,0.0,0.0,0.0,0.0,0.0,0.0,,0.0
47,0,female,45-55,Other,Android,895,8,0.01452513966480447,0.0,0.001670391061452514,0.0004772545889864326,0.0035579608938547487,72.92,0.008938547486033519,0.08147486033519553,9.115,0.0016482972218630596
48,0,female,45-55,Other,GNU/Linux,6,0,0.0,0.0,0.0,0.0,0.0,0.0,0.0,0.0,,0.0
49,0,female,45-55,Other,Mac,15,0,0.0,0.0,0.0,0.0,0.0,0.0,0.0,0.0,,0.0
50,0,female,45-55,Other,Other,1,0,0.0,0.0,0.0,0.0,0.0,0.0,0.0,0.0,,0.0
51,0,female,45-55,Other,Windows,80,0,0.0,0.0,0.0,0.0,0.0,0.0,0.0,0.0,,0.0
52,0,female,45-55,Other,iOS,74,2,0.08621621621621621,0.0,0.0,0.0,0.0,6.38,0.02702702702702703,0.08621621621621621,3.19,0.007433235938641343
53,0,female,45-55,Other,iPadOS,1,0,0.0,0.0,0.0,0.0,0.0,0.0,0.0,0.0,,0.0
54,0,female,45-55,"UK, GB, CA, NZ, AU",Android,2501,55,0.2943622550979608,0.038250699720111955,0.015946621351459415,0.003424344547895128,0.008034786085565774,1468.53,0.021991203518592562,0.5871771291483406,26.700545454545455,0.2113947507002797
55,0,female,45-55,"UK, GB, CA, NZ, AU",Chrome OS,16,0,0.0,0.0,0.0,0.0,0.0,0.0,0.0,0.0,,0.0
56,0,female,45-55,"UK, GB, CA, NZ, AU",GNU/Linux,21,0,0.0,0.0,0.0,0.0,0.0,0.0,0.0,0.0,,0.0
57,0,female,45-55,"UK, GB, CA, NZ, AU",Mac,45,0,0.0,0.0,0.0,0.0,0.0,0.0,0.0,0.0,,0.0
58,0,female,45-55,"UK, GB, CA, NZ, AU",Other,2,0,0.0,0.0,0.0,0.0,0.0,0.0,0.0,0.0,,0.0
59,0,female,45-55,"UK, GB, CA, NZ, AU",Windows,146,2,0.36945205479452053,0.0,0.0,0.0,0.0,53.94,0.0136986301369863,0.36945205479452053,26.97,0.1364948207918934
60,0,female,45-55,"UK, GB, CA, NZ, AU",iOS,755,20,0.2443973509933775,0.2727748344370861,0.11622185430463575,0.11716934720908231,0.09140728476821193,2670.84,0.026490066225165563,3.53753642384106,133.542,2.978501918988516
61,0,female,45-55,"UK, GB, CA, NZ, AU",iPadOS,23,0,0.0,0.0,0.0,0.0,0.0,0.0,0.0,0.0,,0.0
62,0,female,45-55,United States,Android,6129,75,0.08311633219122207,0.023470386686245716,0.019689182574645133,0.005098711045847609,0.004371430902267907,1927.25,0.012236906510034264,0.3144477076195138,25.696666666666665,0.04268503216562086
63,0,female,45-55,United States,Chrome OS,17,0,0.0,0.0,0.0,0.0,0.0,0.0,0.0,0.0,,0.0
64,0,female,45-55,United States,GNU/Linux,41,0,0.0,0.0,0.0,0.0,0.0,0.0,0.0,0.0,,0.0
65,0,female,45-55,United States,Mac,61,0,0.0,0.0,0.0,0.0,0.0,0.0,0.0,0.0,,0.0
66,0,female,45-55,United States,Other,1,0,0.0,0.0,0.0,0.0,0.0,0.0,0.0,0.0,,0.0
67,0,female,45-55,United States,Windows,172,0,0.0,0.0,0.0,0.0,0.0,0.0,0.0,0.0,,0.0
68,0,female,45-55,United States,iOS,796,9,0.19585427135678393,0.2938379396984924,0.08665829145728646,0.0005366116295764538,0.0,902.6,0.011306532663316583,1.1339195979899497,100.28888888888889,0.6541436045536367
69,0,female,45-55,United States,iPadOS,8,0,0.0,0.0,0.0,0.0,0.0,0.0,0.0,0.0,,0.0
70,0,female,55+,Other,Android,776,5,0.008079896907216494,0.002145618556701031,0.0,0.0005504418262150221,0.0002657860824742268,15.89,0.006443298969072165,0.02047680412371134,3.178,0.0002260996162251568
71,0,female,55+,Other,Chrome OS,5,0,0.0,0.0,0.0,0.0,0.0,0.0,0.0,0.0,,0.0
72,0,female,55+,Other,GNU/Linux,10,0,0.0,0.0,0.0,0.0,0.0,0.0,0.0,0.0,,0.0
73,0,female,55+,Other,Mac,18,1,3.803333333333333,0.0,0.0,0.0,0.0,68.46,0.05555555555555555,3.803333333333333,68.46,14.46534444444444
74,0,female,55+,Other,Windows,110,0,0.0,0.0,0.0,0.0,0.0,0.0,0.0,0.0,,0.0
75,0,female,55+,Other,iOS,79,0,0.0,0.0,0.0,0.0,0.0,0.0,0.0,0.0,,0.0
76,0,female,55+,Other,iPadOS,6,0,0.0,0.0,0.0,0.0,0.0,0.0,0.0,0.0,,0.0
77,0,female,55+,"UK, GB, CA, NZ, AU",Android,3387,60,0.22829052258635962,0.13550930026572186,0.11589976380277532,0.2586043274705808,0.14480698258045466,17240.0,0.01771479185119575,5.090050191910245,287.3333333333333,4.495078789255856
78,0,female,55+,"UK, GB, CA, NZ, AU",Chrome OS,36,2,0.10527777777777778,0.0,0.0,0.0,2.129861111111111,1230.59,0.05555555555555555,34.183055555555555,615.295,76.4038768132716
79,0,female,55+,"UK, GB, CA, NZ, AU",GNU/Linux,51,0,0.0,0.0,0.0,0.0,0.0,0.0,0.0,0.0,,0.0
80,0,female,55+,"UK, GB, CA, NZ, AU",Mac,98,0,0.0,0.0,0.0,0.0,0.0,0.0,0.0,0.0,,0.0
81,0,female,55+,"UK, GB, CA, NZ, AU",Other,3,0,0.0,0.0,0.0,0.0,0.0,0.0,0.0,0.0,,0.0
82,0,female,55+,"UK, GB, CA, NZ, AU",Windows,338,1,0.008846153846153847,0.0,0.044363905325443785,0.0,0.0,62.97,0.0029585798816568047,0.18630177514792898,62.97,0.009913128479394977
83,0,female,55+,"UK, GB, CA, NZ, AU",iOS,1092,17,0.32956043956043957,0.010384615384615384,0.0425709706959707,0.056987179487179476,0.026841231684981686,1473.0900000000001,0.015567765567765568,1.3489835164835167,86.65235294117647,0.6290909582647779
84,0,female,55+,"UK, GB, CA, NZ, AU",iPadOS,81,2,0.03691358024691358,0.31487654320987657,0.14512345679012345,0.0,0.0,101.02,0.024691358024691357,1.2471604938271605,50.51,0.6197309861301632
85,0,female,55+,United States,Android,8903,75,0.05553521284960126,0.023069190160620017,0.0439599011569134,0.06858699314837695,0.016633929574300793,9114.579999999998,0.008424126698865551,1.023765023025946,121.5277333333333,0.21272324759130024
86,0,female,55+,United States,Chrome OS,67,1,0.0,0.022313432835820896,0.8954477611940298,0.0,0.0,242.97,0.014925373134328358,3.626417910447761,242.97,3.3281856315437732
87,0,female,55+,United States,GNU/Linux,51,0,0.0,0.0,0.0,0.0,0.0,0.0,0.0,0.0,,0.0
88,0,female,55+,United States,Mac,78,2,0.03833333333333334,0.0,0.009583333333333334,0.04391941391941391,0.13455128205128203,197.88,0.02564102564102564,2.536923076923077,98.94,0.5743273245984785
89,0,female,55+,United States,Other,1,0,0.0,0.0,0.0,0.0,0.0,0.0,0.0,0.0,,0.0
90,0,female,55+,United States,Windows,312,3,0.009583333333333334,0.0,0.19705929487179485,0.0,0.0,248.92,0.009615384615384616,0.7978205128205128,82.97333333333333,0.16486372760519394
91,0,female,55+,United States,iOS,1540,10,0.040857142857142856,0.017512987012987015,0.0029172077922077913,0.0052838589981447125,0.0,191.79,0.006493506493506494,0.12453896103896103,19.179,0.008290707667216828
92,0,female,55+,United States,iPadOS,62,0,0.0,0.0,0.0,0.0,0.0,0.0,0.0,0.0,,0.0
93,0,male,35-,Other,Android,24368,138,0.0504940906106369,0.003977142153644125,0.01040904054497702,0.0021806115748991646,0.001084901304990151,3233.81,0.005663164806303349,0.1327072390019698,23.43340579710145,0.00904343913478031
94,0,male,35-,Other,Chrome OS,53,0,0.0,0.0,0.0,0.0,0.0,0.0,0.0,0.0,,0.0
95,0,male,35-,Other,GNU/Linux,170,3,0.12670588235294117,0.0,0.0,0.0,0.0,21.54,0.01764705882352941,0.12670588235294117,7.18,0.01605438062283737
96,0,male,35-,Other,Mac,364,1,0.008214285714285716,0.0,0.0,0.0,0.0,2.99,0.0027472527472527475,0.008214285714285716,2.99,6.74744897959184e-05
97,0,male,35-,Other,Other,13,0,0.0,0.0,0.0,0.0,0.0,0.0,0.0,0.0,,0.0
98,0,male,35-,Other,Windows,5649,38,0.06999822977518146,0.00752168525402726,0.0008417419012214552,7.561388867814784e-05,0.0014617631439192778,634.53,0.006726854310497433,0.11232607541157727,16.69815789473684,0.00897474491424321
99,0,male,35-,Other,iOS,3868,51,0.40838159255429163,0.004645811789038263,0.022699069286452947,0.01666789776924213,0.0031174056359875905,2610.99,0.013185108583247156,0.6750232678386763,51.19588235294117,0.3074810482731767
100,0,male,35-,Other,iPadOS,41,0,0.0,0.0,0.0,0.0,0.0,0.0,0.0,0.0,,0.0
101,0,male,35-,"UK, GB, CA, NZ, AU",Android,25287,313,0.13552180962549928,0.012644837268161506,0.012860363032388184,0.012984368026484531,0.0055096986593902,9894.77,0.012377901688614704,0.3912986910270099,31.61268370607029,0.07024636229000532
102,0,male,35-,"UK, GB, CA, NZ, AU",Chrome OS,446,1,0.14121076233183855,0.0,0.0,0.0,0.0,62.98,0.002242152466367713,0.14121076233183855,62.98,0.01994047939833899
103,0,male,35-,"UK, GB, CA, NZ, AU",GNU/Linux,242,3,0.21053719008264463,0.0,0.0,0.0,0.0,50.95,0.012396694214876033,0.21053719008264463,16.983333333333334,0.04432590840789564
104,0,male,35-,"UK, GB, CA, NZ, AU",Mac,1569,5,0.008100701083492671,0.0,0.0,0.00027223891468633346,0.0,15.700000000000001,0.0031867431485022306,0.010006373486297005,3.14,8.378276480013408e-05
105,0,male,35-,"UK, GB, CA, NZ, AU",Other,121,0,0.0,0.0,0.0,0.0,0.0,0.0,0.0,0.0,,0.0
106,0,male,35-,"UK, GB, CA, NZ, AU",Windows,3028,27,0.09934940554821665,0.007077278731836195,0.0366496036988111,0.02090677486318173,0.011822572655217965,1803.51,0.00891677675033025,0.595610964332893,66.79666666666667,0.10471176409368228
107,0,male,35-,"UK, GB, CA, NZ, AU",iOS,19490,217,0.17597024114930732,0.027124166239096973,0.003939712673165729,0.00829678223264678,0.0016117239610056434,6428.63,0.011133914828116983,0.32984248332478194,29.625023041474655,0.07155689458302261
108,0,male,35-,"UK, GB, CA, NZ, AU",iPadOS,312,0,0.0,0.0,0.0,0.0,0.0,0.0,0.0,0.0,,0.0
109,0,male,35-,United States,Android,52129,491,0.1814143758752326,0.027588674250417236,0.010539670816627981,0.01126858370580675,0.00495065126896737,22772.08,0.009418941472117248,0.43684091388670415,46.3789816700611,0.10299046828252184
110,0,male,35-,United States,Chrome OS,1593,5,0.05833647206528562,0.013166980539861897,0.0,0.0,0.0,134.88,0.003138731952291274,0.08467043314500941,26.976,0.006054228303441492
111,0,male,35-,United States,GNU/Linux,451,3,0.06643015521064302,0.23277161862527715,0.0,0.0009471016788089959,0.0,242.91,0.0066518847006651885,0.5386031042128603,80.97,0.16166111607823253
112,0,male,35-,United States,Mac,1905,14,0.07235695538057743,0.003931758530183727,0.004324146981627297,0.002248968878890139,0.004132217847769029,341.71000000000004,0.007349081364829396,0.1793753280839895,24.407857142857146,0.015604585833020873
113,0,male,35-,United States,Other,178,0,0.0,0.0,0.0,0.0,0.0,0.0,0.0,0.0,,0.0
114,0,male,35-,United States,Windows,4791,31,0.057528699645168026,0.03817574619077437,0.004693174702567313,0.0008942362167158661,0.02711777290753496,2840.09,0.0064704654560634525,0.5927969108745564,91.61580645161291,0.07612083179063026
115,0,male,35-,United States,iOS,41622,409,0.16167219259045695,0.01458639661717361,0.011978941425207822,0.00940948124961387,0.007931877973187253,17961.44,0.0098265340444957,0.43153716784392865,43.91550122249389,0.08871493189680164
116,0,male,35-,United States,iPadOS,477,1,0.0,0.0,0.007851153039832285,0.0,0.0,14.98,0.0020964360587002098,0.03140461215932914,14.98,0.0002465624162194709
117,0,male,35-45,Other,Android,9552,104,0.050770519262981574,0.010293655778894472,0.004712102177554439,0.0013469131371141422,0.0012464012772194306,1142.2,0.010887772194304857,0.11957705192629817,10.982692307692307,0.008175434208970406
118,0,male,35-45,Other,Chrome OS,11,1,1.4836363636363636,0.0,0.0,0.0,0.0,16.32,0.09090909090909091,1.4836363636363636,16.32,2.201176859504132
119,0,male,35-45,Other,GNU/Linux,106,2,0.028207547169811324,0.0,0.0,0.004029649595687332,0.0,5.98,0.018867924528301886,0.05641509433962265,2.99,0.0018186644967705845
120,0,male,35-45,Other,Mac,233,1,0.5783261802575107,0.0,0.0,0.0,0.0,134.75,0.004291845493562232,0.5783261802575107,134.75,0.33446117077124277
121,0,male,35-45,Other,Other,2,0,0.0,0.0,0.0,0.0,0.0,0.0,0.0,0.0,,0.0
122,0,male,35-45,Other,Windows,1925,20,0.016015584415584417,0.011672727272727272,0.0003883116883116883,0.014060111317254173,0.003841883116883117,386.55,0.01038961038961039,0.20080519480519482,19.3275,0.009232745306363395
123,0,male,35-45,Other,iOS,1429,27,0.22014695591322606,0.43989503149055276,0.3760094471658502,0.049230230930720785,0.010544961511546533,4454.63,0.018894331700489854,3.1173058082575227,164.9862962962963,3.4160267092274346
124,0,male,35-45,Other,iPadOS,49,1,2.6989795918367347,0.0,0.0,0.0,0.0,132.25,0.02040816326530612,2.6989795918367347,132.25,7.284490837151187
125,0,male,35-45,"UK, GB, CA, NZ, AU",Android,24788,471,0.17319993545263837,0.04440717282556075,0.02002420526060997,0.01585698148873879,0.004004256091657254,12819.81,0.019001129578828466,0.5171780700338874,27.21828025477707,0.1331695006359326
126,0,male,35-45,"UK, GB, CA, NZ, AU",Chrome OS,131,1,0.0,0.0,0.0,0.0,0.0018177480916030534,3.81,0.007633587786259542,0.029083969465648854,3.81,5.286732999242468e-05
127,0,male,35-45,"UK, GB, CA, NZ, AU",GNU/Linux,290,4,0.6341034482758621,0.0,0.0,0.0,0.0,183.89,0.013793103448275862,0.6341034482758621,45.9725,0.40208718311533886
128,0,male,35-45,"UK, GB, CA, NZ, AU",Mac,819,13,0.2093772893772894,0.003650793650793651,0.0009126984126984128,0.03712890284318855,0.007780830280830279,495.27,0.015873015873015872,0.6047252747252747,38.097692307692306,0.15653344853297757
129,0,male,35-45,"UK, GB, CA, NZ, AU",Other,36,0,0.0,0.0,0.0,0.0,0.0,0.0,0.0,0.0,,0.0
130,0,male,35-45,"UK, GB, CA, NZ, AU",Windows,1808,33,0.20704092920353984,0.12549778761061944,0.04976216814159293,0.10885113780025284,0.0350477046460177,3579.49,0.01825221238938053,1.9798064159292035,108.46939393939394,1.0417735963707224
131,0,male,35-45,"UK, GB, CA, NZ, AU",iOS,9260,209,0.3889373650107991,0.1180658747300216,0.05368169546436286,0.025915458191916072,0.0056613120950323986,10295.130000000001,0.022570194384449245,1.1117850971922247,49.25899521531101,0.6584677378038029
132,0,male,35-45,"UK, GB, CA, NZ, AU",iPadOS,139,4,0.9402158273381295,0.0,0.0,0.0,0.0013444244604316547,133.68,0.02877697841726619,0.9617266187050361,33.42,0.9055235572692926
133,0,male,35-45,United States,Android,66071,892,0.1572334307033343,0.0336084666495134,0.022480551225197137,0.010555830632414913,0.010057570643701472,36285.17,0.013500628112182349,0.5491845136292776,40.67844170403587,0.12847394592260922
134,0,male,35-45,United States,Chrome OS,612,6,0.1762745098039216,0.0245016339869281,0.0,0.0,0.0,137.87,0.00980392156862745,0.2252777777777778,22.978333333333335,0.045230403503994196
135,0,male,35-45,United States,GNU/Linux,1140,4,0.00262280701754386,0.006570175438596492,0.000655701754385965,0.0,0.00016392543859649125,23.950000000000003,0.0035087719298245615,0.021008771929824564,5.987500000000001,0.00021035263254078182
136,0,male,35-45,United States,Mac,1166,15,0.1876843910806175,0.03727272727272728,0.025840480274442537,0.02019970595442294,0.00273102487135506,642.1,0.012864493996569469,0.5506861063464837,42.806666666666665,0.15073838794351138
137,0,male,35-45,United States,Other,51,0,0.0,0.0,0.0,0.0,0.0,0.0,0.0,0.0,,0.0
138,0,male,35-45,United States,Windows,4530,41,0.24559823399558497,0.03374944812362031,0.026473509933774845,0.031213181961526334,0.004965231788079471,3247.6800000000003,0.009050772626931568,0.7169271523178808,79.21170731707318,0.24518880348188574
139,0,male,35-45,United States,iOS,19044,373,0.5468630539802563,0.08534472799831969,0.039800462087796674,0.016533741410868063,0.010609148550724638,22133.64,0.01958622138206259,1.162236925015753,59.33951742627346,0.8125792641339389
140,0,male,35-45,United States,iPadOS,331,5,0.7789728096676738,0.0,0.0,0.0012904618040569702,0.0,260.83,0.015105740181268883,0.7880060422960724,52.166,0.6148521725014245
141,0,male,45-55,Other,Android,9358,120,0.09373477238726223,0.07515227612737764,0.0481831053643941,0.015121362928586695,0.010975101517418252,6721.13,0.012823252831801668,0.7182229108783929,56.00941666666667,0.1746478364418646
142,0,male,45-55,Other,Chrome OS,15,2,0.21933333333333332,0.0,0.05316666666666667,0.0,0.0,6.48,0.13333333333333333,0.43200000000000005,3.24,0.11772
143,0,male,45-55,Other,GNU/Linux,227,1,0.014229074889867842,0.0,0.0,0.0,0.0,3.23,0.004405286343612335,0.014229074889867842,3.23,0.00020246657222146755
144,0,male,45-55,Other,Mac,716,6,0.43928770949720675,0.4981564245810055,0.046651536312849205,0.06915203511572225,0.0,1508.09,0.008379888268156424,2.1062709497206704,251.34833333333333,2.2184250449688903
145,0,male,45-55,Other,Other,6,0,0.0,0.0,0.0,0.0,0.0,0.0,0.0,0.0,,0.0
146,0,male,45-55,Other,Windows,2198,31,0.08773430391264786,0.024558689717925387,0.0027797998180163785,0.008377746002859742,0.010765184258416743,832.73,0.014103730664240218,0.37885805277525025,26.86225806451613,0.05084870773654086
147,0,male,45-55,Other,iOS,939,28,0.35765708200213,0.2985410010649628,0.11818423855165068,0.06324052943861251,0.04849840255591054,2484.7200000000003,0.029818956336528223,2.6461341853035147,88.74000000000001,2.34479574151007
148,0,male,45-55,Other,iPadOS,12,0,0.0,0.0,0.0,0.0,0.0,0.0,0.0,0.0,,0.0
149,0,male,45-55,"UK, GB, CA, NZ, AU",Android,30592,657,0.2239932008368201,0.11927530073221757,0.06909363559100418,0.05340214995517035,0.03292921760591004,50158.67,0.021476202928870293,1.639600876046025,76.34500761035008,0.8176583072192145
150,0,male,45-55,"UK, GB, CA, NZ, AU",Chrome OS,182,3,0.01642857142857143,0.13997252747252747,0.02160714285714286,0.0,0.0,69.67000000000002,0.016483516483516484,0.3828021978021979,23.22333333333334,0.06814194617195993
151,0,male,45-55,"UK, GB, CA, NZ, AU",GNU/Linux,339,4,0.017640117994100295,0.02209439528023599,0.18789085545722717,0.3563969658659925,0.1592422566371681,1985.2,0.011799410029498525,5.856047197640118,496.3,4.352592526605233
152,0,male,45-55,"UK, GB, CA, NZ, AU",Mac,811,29,0.4135265104808878,0.12381011097410603,0.2712823674475956,0.20229170336445312,0.06522965474722565,3411.0600000000004,0.035758323057953144,4.2059926017262645,117.62275862068967,4.526238337961147
153,0,male,45-55,"UK, GB, CA, NZ, AU",Other,27,0,0.0,0.0,0.0,0.0,0.0,0.0,0.0,0.0,,0.0
154,0,male,45-55,"UK, GB, CA, NZ, AU",Windows,2610,67,0.19045977011494253,0.02499425287356322,0.006664750957854406,0.029771756978653526,0.015599616858237549,1892.52,0.02567049808429119,0.725103448275862,28.246567164179105,0.19395802853745542
155,0,male,45-55,"UK, GB, CA, NZ, AU",iOS,11052,280,0.46867173362287373,0.16623688020267824,0.07730591748099892,0.04829623597538907,0.02512022710821571,20450.25,0.02533478103510677,1.8503664495114007,73.03660714285714,1.4537052337158236
156,0,male,45-55,"UK, GB, CA, NZ, AU",iPadOS,316,5,0.4010126582278481,0.05348101265822784,0.004731012658227849,0.0,0.0,166.5,0.015822784810126583,0.5268987341772152,33.3,0.2419649044624259
157,0,male,45-55,United States,Android,87157,1214,0.1621053960095001,0.054206087864428563,0.03512159092212903,0.03490843289367791,0.03024371966680817,99294.7,0.01392888695113416,1.1392624803515494,81.79135090609554,0.36067367136087525
158,0,male,45-55,United States,Chrome OS,244,3,0.07364754098360655,0.06145491803278688,0.0,0.001750585480093677,0.0,50.95,0.012295081967213115,0.20881147540983608,16.983333333333334,0.028576486135639425
159,0,male,45-55,United States,GNU/Linux,541,4,0.07754158964879851,0.0,0.0,0.0,0.0,41.949999999999996,0.0073937153419593345,0.07754158964879851,10.487499999999999,0.0060126981252626565
160,0,male,45-55,United States,Mac,691,17,0.17347322720694647,0.11062228654124456,0.0021635311143270624,0.15192681414099649,0.09088368306801738,2018.41,0.024602026049204053,2.920998552821997,118.73,1.5454113667331417
161,0,male,45-55,United States,Other,37,0,0.0,0.0,0.0,0.0,0.0,0.0,0.0,0.0,,0.0
162,0,male,45-55,United States,Windows,1850,42,0.1004054054054054,0.024294594594594595,0.017824324324324323,0.017367567567567566,0.03880135135135135,1780.9699999999998,0.022702702702702703,0.9626864864864864,42.40404761904762,0.19127930022644263
163,0,male,45-55,United States,iOS,12361,281,0.3893123533694685,0.09072000647196828,0.07987905509263005,0.03607937406820993,0.04317379257341638,22665.19,0.022732788609335815,1.8336048863360568,80.65903914590747,1.171975299950132
164,0,male,45-55,United States,iPadOS,160,6,3.3181874999999996,1.9964062499999997,1.09203125,0.21693750000000003,0.0,2111.63,0.0375,13.1976875,351.93833333333333,87.41570801171875
165,0,male,55+,Other,Android,6846,117,0.18566754309085595,0.07512927256792289,0.0804283523225241,0.06853991903509869,0.04025334136722172,12195.96,0.017090271691498685,1.7814723926380367,104.23897435897435,0.8016954063437826
166,0,male,55+,Other,Chrome OS,28,2,1.7300000000000002,0.0,0.0,0.0,0.0,48.440000000000005,0.07142857142857142,1.7300000000000002,24.220000000000002,2.9929000000000006
167,0,male,55+,Other,GNU/Linux,67,2,0.0,0.022313432835820896,0.0,0.0,0.002789179104477612,5.98,0.029850746268656716,0.08925373134328358,2.99,0.002240501782134106
168,0,male,55+,Other,Mac,240,12,2.339541666666667,0.7409583333333333,0.2291770833333334,0.30387500000000006,0.04605729166666666,1824.53,0.05,7.6022083333333335,152.04416666666665,27.821112887369797
169,0,male,55+,Other,Other,8,0,0.0,0.0,0.0,0.0,0.0,0.0,0.0,0.0,,0.0
170,0,male,55+,Other,Windows,2318,36,0.16231665228645384,0.11514452113891284,0.07329810181190681,0.025131887094786146,0.0458571505608283,3698.2200000000003,0.015530629853321829,1.5954357204486627,102.72833333333334,0.6728723234282726
171,0,male,55+,Other,iOS,847,34,0.4479220779220779,0.15551357733175916,0.11366587957497049,0.00964074886152808,0.006431523022432114,1172.25,0.04014167650531287,1.3840023612750885,34.47794117647059,1.0147142797155158
172,0,male,55+,Other,iPadOS,25,0,0.0,0.0,0.0,0.0,0.0,0.0,0.0,0.0,,0.0
173,0,male,55+,"UK, GB, CA, NZ, AU",Android,37417,915,0.4098129192612983,0.19178675468369993,0.21666922789106555,0.10345099057342157,0.07914587620600262,136592.79,0.02445412513028837,3.6505542935029536,149.28173770491804,3.6537148288394037
174,0,male,55+,"UK, GB, CA, NZ, AU",Chrome OS,536,10,0.054701492537313434,0.002789179104477612,0.008526119402985075,0.026433901918976547,0.0003486473880597015,152.76,0.018656716417910446,0.285,15.276,0.02644781200026652
175,0,male,55+,"UK, GB, CA, NZ, AU",GNU/Linux,321,14,0.4811214953271028,0.06789719626168222,0.14896417445482868,0.005336003560302625,0.012844626168224307,467.26000000000005,0.04361370716510903,1.4556386292834893,33.37571428571429,1.042475249328631
176,0,male,55+,"UK, GB, CA, NZ, AU",Mac,1637,40,0.15521686010995725,0.04328344532681734,0.03320097739767868,0.035855659307094855,0.016713882101405012,1461.84,0.02443494196701283,0.8929993891264508,36.546,0.25385367239542983
177,0,male,55+,"UK, GB, CA, NZ, AU",Other,33,0,0.0,0.0,0.0,0.0,0.0,0.0,0.0,0.0,,0.0
178,0,male,55+,"UK, GB, CA, NZ, AU",Windows,6476,162,0.27387430512662136,0.1628088326127239,0.27128204138357015,0.14096510191476222,0.1072938542310068,28417.190000000002,0.025015441630636195,4.388077516985794,175.41475308641978,4.195985629171696
179,0,male,55+,"UK, GB, CA, NZ, AU",iOS,12413,319,0.44785064045758477,0.18221944735358092,0.17541670023362602,0.1826593087891726,0.07722216627728994,50001.13,0.0256988640940949,4.028126158060098,156.7433542319749,4.291437768605496
180,0,male,55+,"UK, GB, CA, NZ, AU",iPadOS,1022,17,0.2265655577299413,0.06309197651663405,0.050151663405088066,0.0696351691361476,0.014546232876712329,1301.56,0.016634050880626222,1.273542074363992,76.56235294117647,0.5399698678075899
181,0,male,55+,United States,Android,123803,2124,0.22442267150230608,0.13407219534260076,0.11419400176086202,0.07874192986322741,0.06481771443341437,314164.97,0.01715628861982343,2.5376200092081773,147.91194444444443,1.5638045569859407
182,0,male,55+,United States,Chrome OS,758,13,0.2847625329815303,0.0692348284960422,0.06528034300791558,0.05935544666415379,0.06850676121372033,1664.5300000000002,0.017150395778364115,2.1959498680738787,128.04076923076926,1.201491818372279
183,0,male,55+,United States,GNU/Linux,651,11,0.06070660522273426,0.1312980030721966,0.035702764976958526,0.04541364933070003,0.05067588325652842,1038.23,0.016897081413210446,1.5948233486943164,94.38454545454546,0.5163988656990967
184,0,male,55+,United States,Mac,1742,42,0.910683122847302,0.4338920780711826,0.1050172215843858,0.043028538625553545,0.10954219288174512,7407.7,0.024110218140068886,4.252411021814007,176.3738095238095,6.813056254857135
185,0,male,55+,United States,Other,49,1,0.0,0.0,0.0,0.00871720116618076,0.0,2.99,0.02040816326530612,0.06102040816326531,2.99,0.0005319271732016422
186,0,male,55+,United States,Windows,5941,197,0.5748998485103518,0.24432839589294733,0.21794310722100654,0.13882102580133213,0.0730666133647534,24216.36,0.03315940077428042,4.076142063625652,122.92568527918782,5.0913418923105205
187,0,male,55+,United States,iOS,20237,474,0.472742995503286,0.25430844492760785,0.1580598655927262,0.10618732307866073,0.05817549537974996,66533.56,0.023422444038147947,3.287718535356031,140.36616033755274,3.450375531436115
188,0,male,55+,United States,iPadOS,738,19,0.4314092140921409,0.2539769647696477,0.3667649051490515,0.2241037553232675,0.05841971544715448,3623.48,0.025745257452574527,4.909864498644986,190.70947368421054,6.553071213765321
189,1,female,35-,Other,Android,2784,6,0.022539511494252873,0.0035901580459770112,0.0017950790229885056,0.0010257594417077175,0.000673266882183908,152.70999999999998,0.0021551724137931034,0.05485272988505746,25.451666666666664,0.0016249449220583942
190,1,female,35-,Other,Chrome OS,12,0,0.0,0.0,0.0,0.0,0.0,0.0,0.0,0.0,,0.0
191,1,female,35-,Other,GNU/Linux,23,0,0.0,0.0,0.0,0.0,0.0,0.0,0.0,0.0,,0.0
192,1,female,35-,Other,Mac,66,0,0.0,0.0,0.0,0.0,0.0,0.0,0.0,0.0,,0.0
193,1,female,35-,Other,Other,1,0,0.0,0.0,0.0,0.0,0.0,0.0,0.0,0.0,,0.0
194,1,female,35-,Other,Windows,463,0,0.0,0.0,0.0,0.0,0.0,0.0,0.0,0.0,,0.0
195,1,female,35-,Other,iOS,537,1,0.0,0.019841713221601488,0.0,0.0,0.0,21.31,0.00186219739292365,0.039683426443202975,21.31,0.0007873871671365505
196,1,female,35-,Other,iPadOS,8,0,0.0,0.0,0.0,0.0,0.0,0.0,0.0,0.0,,0.0
197,1,female,35-,"UK, GB, CA, NZ, AU",Android,3699,15,0.19657474993241417,0.03513652338469857,0.0,0.0,0.00041818734793187346,1011.8199999999999,0.0040551500405515,0.27353879426872124,67.45466666666667,0.06349641278456485
198,1,female,35-,"UK, GB, CA, NZ, AU",Chrome OS,95,1,1.0377894736842106,1.3528421052631576,0.0,0.0,0.0,355.63,0.010526315789473684,3.7434736842105263,355.63,8.949266404432132
199,1,female,35-,"UK, GB, CA, NZ, AU",GNU/Linux,83,0,0.0,0.0,0.0,0.0,0.0,0.0,0.0,0.0,,0.0
200,1,female,35-,"UK, GB, CA, NZ, AU",Mac,217,1,0.09211981566820276,0.0,0.0,0.0,0.0,19.99,0.004608294930875576,0.09211981566820276,19.99,0.008486060438743656
201,1,female,35-,"UK, GB, CA, NZ, AU",Other,8,0,0.0,0.0,0.0,0.0,0.0,0.0,0.0,0.0,,0.0
202,1,female,35-,"UK, GB, CA, NZ, AU",Windows,419,1,0.04770883054892601,0.0,0.0,0.0,0.0,19.99,0.002386634844868735,0.04770883054892601,19.99,0.0022761325123461357
203,1,female,35-,"UK, GB, CA, NZ, AU",iOS,2510,12,0.14096414342629482,0.01102988047808765,0.002430278884462151,0.0,0.0,433.59,0.004780876494023904,0.1727450199203187,36.1325,0.02667602926144029
204,1,female,35-,"UK, GB, CA, NZ, AU",iPadOS,86,0,0.0,0.0,0.0,0.0,0.0,0.0,0.0,0.0,,0.0
205,1,female,35-,United States,Android,6952,20,0.09367807825086306,0.0008623417721518994,0.008700373993095511,0.00024638336347197125,0.000395299913693901,961.14,0.0028768699654775605,0.1382537399309551,48.057,0.014362140999087978
206,1,female,35-,United States,Chrome OS,334,0,0.0,0.0,0.0,0.0,0.0,0.0,0.0,0.0,,0.0
207,1,female,35-,United States,GNU/Linux,66,0,0.0,0.0,0.0,0.0,0.0,0.0,0.0,0.0,,0.0
208,1,female,35-,United States,Mac,349,2,0.0,0.11458452722063038,0.05729226361031519,0.0,0.0,159.96,0.0057306590257879654,0.4583381088825215,79.98,0.07877768327025231
209,1,female,35-,United States,Other,17,1,0.0,0.5879411764705882,0.0,0.0,0.0,19.99,0.058823529411764705,1.1758823529411764,19.99,0.6913496539792386
210,1,female,35-,United States,Windows,795,0,0.0,0.0,0.0,0.0,0.0,0.0,0.0,0.0,,0.0
211,1,female,35-,United States,iOS,5250,18,0.2223504761904762,0.02113238095238095,0.0009519047619047619,0.0035904761904761912,0.0,1541.17,0.0034285714285714284,0.29355619047619047,85.62055555555555,0.07280934403718822
212,1,female,35-,United States,iPadOS,163,0,0.0,0.0,0.0,0.0,0.0,0.0,0.0,0.0,,0.0
213,1,female,35-45,Other,Android,1435,7,0.08381881533101046,0.011390243902439024,0.005932055749128919,0.0025306122448979598,0.0009398954703832751,234.01999999999998,0.004878048780487805,0.16308013937282229,33.43142857142857,0.017060078009584048
214,1,female,35-45,Other,Chrome OS,3,0,0.0,0.0,0.0,0.0,0.0,0.0,0.0,0.0,,0.0
215,1,female,35-45,Other,GNU/Linux,10,0,0.0,0.0,0.0,0.0,0.0,0.0,0.0,0.0,,0.0
216,1,female,35-45,Other,Mac,23,0,0.0,0.0,0.0,0.0,0.0,0.0,0.0,0.0,,0.0
217,1,female,35-45,Other,Other,1,0,0.0,0.0,0.0,0.0,0.0,0.0,0.0,0.0,,0.0
218,1,female,35-45,Other,Windows,214,0,0.0,0.0,0.0,0.0,0.0,0.0,0.0,0.0,,0.0
219,1,female,35-45,Other,iOS,178,1,0.1197752808988764,0.0,0.0,0.0,0.04456811797752809,148.25,0.0056179775280898875,0.8328651685393258,148.25,0.13687589260352226
220,1,female,35-45,Other,iPadOS,1,0,0.0,0.0,0.0,0.0,0.0,0.0,0.0,0.0,,0.0
221,1,female,35-45,"UK, GB, CA, NZ, AU",Android,2781,35,0.35192017259978425,0.10019417475728155,0.024842682488313565,0.015054194277495242,0.0014823804386911185,2171.34,0.012585400934915498,0.7807766990291263,62.03828571428572,0.38530830756156426
222,1,female,35-45,"UK, GB, CA, NZ, AU",Chrome OS,17,0,0.0,0.0,0.0,0.0,0.0,0.0,0.0,0.0,,0.0
223,1,female,35-45,"UK, GB, CA, NZ, AU",GNU/Linux,36,0,0.0,0.0,0.0,0.0,0.0,0.0,0.0,0.0,,0.0
224,1,female,35-45,"UK, GB, CA, NZ, AU",Mac,54,0,0.0,0.0,0.0,0.0,0.0,0.0,0.0,0.0,,0.0
225,1,female,35-45,"UK, GB, CA, NZ, AU",Other,2,0,0.0,0.0,0.0,0.0,0.0,0.0,0.0,0.0,,0.0
226,1,female,35-45,"UK, GB, CA, NZ, AU",Windows,296,2,0.06753378378378377,0.03376689189189189,0.0,0.0,0.0,39.98,0.006756756756756757,0.13506756756756755,19.99,0.01368243585646457
227,1,female,35-45,"UK, GB, CA, NZ, AU",iOS,1264,7,0.3657990506329114,0.007907436708860759,0.005878164556962025,0.0,0.0015812895569620254,544.06,0.005537974683544304,0.43042721518987337,77.72285714285714,0.16406419470600161
228,1,female,35-45,"UK, GB, CA, NZ, AU",iPadOS,20,0,0.0,0.0,0.0,0.0,0.0,0.0,0.0,0.0,,0.0
229,1,female,35-45,United States,Android,5658,30,0.12753976670201483,0.028443796394485684,0.008658094733121244,0.005451951724486189,0.0012143204312477915,1565.3,0.005302226935312832,0.27665252739483914,52.17666666666666,0.047392771793226804
230,1,female,35-45,United States,Chrome OS,56,0,0.0,0.0,0.0,0.0,0.0,0.0,0.0,0.0,,0.0
231,1,female,35-45,United States,GNU/Linux,153,0,0.0,0.0,0.0,0.0,0.0,0.0,0.0,0.0,,0.0
232,1,female,35-45,United States,Mac,233,0,0.0,0.0,0.0,0.0,0.0,0.0,0.0,0.0,,0.0
233,1,female,35-45,United States,Other,5,0,0.0,0.0,0.0,0.0,0.0,0.0,0.0,0.0,,0.0
234,1,female,35-45,United States,Windows,800,6,0.62985,0.007493750000000001,0.0037468750000000006,0.004282142857142858,0.0299890625,935.7,0.0075,1.1696250000000001,155.95000000000002,0.7899200808314734
235,1,female,35-45,United States,iOS,2129,19,0.5897604509159229,0.03381164866134336,0.0023473461719116955,0.0,0.0011736730859558478,1459.54,0.008924377642085486,0.68555190230155,76.8178947368421,0.4299048805376379
236,1,female,35-45,United States,iPadOS,29,0,0.0,0.0,0.0,0.0,0.0,0.0,0.0,0.0,,0.0
237,1,female,45-55,Other,Android,1290,6,0.048961240310077515,0.00841860465116279,0.00833139534883721,0.0,0.0,127.87,0.004651162790697674,0.09912403100775194,21.311666666666667,0.006513563022053964
238,1,female,45-55,Other,Chrome OS,3,0,0.0,0.0,0.0,0.0,0.0,0.0,0.0,0.0,,0.0
239,1,female,45-55,Other,GNU/Linux,8,0,0.0,0.0,0.0,0.0,0.0,0.0,0.0,0.0,,0.0
240,1,female,45-55,Other,Mac,22,0,0.0,0.0,0.0,0.0,0.0,0.0,0.0,0.0,,0.0
241,1,female,45-55,Other,Windows,101,1,0.0,0.0,0.0,0.0,0.05441831683168317,87.94,0.009900990099009901,0.8706930693069307,87.94,0.047381651308695226
242,1,female,45-55,Other,iOS,106,0,0.0,0.0,0.0,0.0,0.0,0.0,0.0,0.0,,0.0
243,1,female,45-55,Other,iPadOS,2,1,9.995,0.0,0.0,0.0,0.0,19.99,0.5,9.995,19.99,99.90002499999999
244,1,female,45-55,"UK, GB, CA, NZ, AU",Android,3275,53,0.4282351145038168,0.14655419847328247,0.08841068702290077,0.09162791712104687,0.10858072519083971,11310.779999999999,0.01618320610687023,3.4536732824427476,213.4109433962264,2.9819313597827297
245,1,female,45-55,"UK, GB, CA, NZ, AU",Chrome OS,17,0,0.0,0.0,0.0,0.0,0.0,0.0,0.0,0.0,,0.0
246,1,female,45-55,"UK, GB, CA, NZ, AU",GNU/Linux,26,0,0.0,0.0,0.0,0.0,0.0,0.0,0.0,0.0,,0.0
247,1,female,45-55,"UK, GB, CA, NZ, AU",Mac,39,0,0.0,0.0,0.0,0.0,0.0,0.0,0.0,0.0,,0.0
248,1,female,45-55,"UK, GB, CA, NZ, AU",Windows,210,1,0.5236666666666666,0.21423809523809523,0.0,0.0,0.0,199.95,0.004761904761904762,0.9521428571428571,199.95,0.7025907482993197
249,1,female,45-55,"UK, GB, CA, NZ, AU",iOS,1154,22,0.3365944540727903,0.2776473136915078,0.03810875216637781,0.03227283981183462,0.013366551126516465,1712.65,0.019064124783362217,1.484098786828423,77.84772727272728,1.035885979939202
250,1,female,45-55,"UK, GB, CA, NZ, AU",iPadOS,23,0,0.0,0.0,0.0,0.0,0.0,0.0,0.0,0.0,,0.0
251,1,female,45-55,United States,Android,6447,47,0.11558864588180548,0.05303009151543353,0.0534201954397394,0.01670256376166102,0.0034106948968512492,3912.16,0.007290212501938886,0.6068186753528773,83.23744680851064,0.1469424720770899
252,1,female,45-55,United States,Chrome OS,22,0,0.0,0.0,0.0,0.0,0.0,0.0,0.0,0.0,,0.0
253,1,female,45-55,United States,GNU/Linux,42,0,0.0,0.0,0.0,0.0,0.0,0.0,0.0,0.0,,0.0
254,1,female,45-55,United States,Mac,51,0,0.0,0.0,0.0,0.0,0.0,0.0,0.0,0.0,,0.0
255,1,female,45-55,United States,Windows,166,2,0.2408433734939759,0.0,0.0,0.0,0.0,39.98,0.012048192771084338,0.2408433734939759,19.99,0.058005530555958765
256,1,female,45-55,United States,iOS,921,14,0.38201954397394133,0.07165038002171553,0.07165038002171553,0.1274841011323096,0.09364006514657976,2949.549999999999,0.01520086862106406,3.2025515743756774,210.68214285714276,2.3905269135313114
257,1,female,45-55,United States,iPadOS,8,0,0.0,0.0,0.0,0.0,0.0,0.0,0.0,0.0,,0.0
258,1,female,55+,Other,Android,972,2,0.020565843621399175,0.0,0.0,0.002937977660199882,0.0,39.98,0.00205761316872428,0.04113168724279835,19.99,0.0009667518259653603
259,1,female,55+,Other,Chrome OS,2,0,0.0,0.0,0.0,0.0,0.0,0.0,0.0,0.0,,0.0
260,1,female,55+,Other,GNU/Linux,4,0,0.0,0.0,0.0,0.0,0.0,0.0,0.0,0.0,,0.0
261,1,female,55+,Other,Mac,23,1,0.9282608695652175,3.3408695652173916,0.9732608695652173,0.0,0.0,264.57,0.043478260869565216,11.503043478260869,264.57,60.303455103969746
262,1,female,55+,Other,Other,1,0,0.0,0.0,0.0,0.0,0.0,0.0,0.0,0.0,,0.0
263,1,female,55+,Other,Windows,140,1,0.0,0.0,0.035696428571428566,0.0,0.0,19.99,0.007142857142857143,0.14278571428571427,19.99,0.005096940051020407
264,1,female,55+,Other,iOS,109,2,0.38229357798165137,0.38990825688073394,0.0,0.0,0.0,126.66999999999999,0.01834862385321101,1.162110091743119,63.334999999999994,0.8973835451561315
265,1,female,55+,Other,iPadOS,2,0,0.0,0.0,0.0,0.0,0.0,0.0,0.0,0.0,,0.0
266,1,female,55+,"UK, GB, CA, NZ, AU",Android,4461,36,0.23484420533512662,0.09570387805424793,0.025379399237839047,0.027807666442501683,0.0019754539340954944,3363.73,0.008069939475453935,0.7540304864380184,93.43694444444445,0.2908375536072648
267,1,female,55+,"UK, GB, CA, NZ, AU",Chrome OS,46,2,0.0,0.26706521739130434,0.0,0.0,0.04718750000000001,59.3,0.043478260869565216,1.2891304347826087,29.65,0.4051127422022684
268,1,female,55+,"UK, GB, CA, NZ, AU",GNU/Linux,55,0,0.0,0.0,0.0,0.0,0.0,0.0,0.0,0.0,,0.0
269,1,female,55+,"UK, GB, CA, NZ, AU",Mac,137,1,0.1856934306569343,0.0,0.0,0.0,0.0,25.44,0.0072992700729927005,0.1856934306569343,25.44,0.03448205018914167
270,1,female,55+,"UK, GB, CA, NZ, AU",Windows,514,2,0.451011673151751,0.25077821011673157,0.33252431906614777,0.04001111728738189,0.0,1317.25,0.0038910505836575876,2.562743190661479,658.625,2.7532198974165283
271,1,female,55+,"UK, GB, CA, NZ, AU",iOS,1531,14,0.25232527759634227,0.03983017635532332,0.014503592423252774,0.004087897732574415,0.016460646636185503,1044.12,0.009144350097975179,0.6819856303069888,74.58,0.22315087501455866
272,1,female,55+,"UK, GB, CA, NZ, AU",iPadOS,117,1,0.2177777777777778,0.0,0.0,0.0,0.0,25.48,0.008547008547008548,0.2177777777777778,25.48,0.04742716049382717
273,1,female,55+,United States,Android,10380,54,0.12033044315992293,0.06847639691714837,0.03438415221579961,0.03467533718689788,0.02977426541425818,11562.65,0.005202312138728324,1.1139354527938343,214.12314814814815,0.3204130563151658
274,1,female,55+,United States,Chrome OS,68,0,0.0,0.0,0.0,0.0,0.0,0.0,0.0,0.0,,0.0
275,1,female,55+,United States,GNU/Linux,41,1,3.4141463414634146,0.0,0.0,0.0,0.0,139.98,0.024390243902439025,3.4141463414634146,139.98,11.656395240928019
276,1,female,55+,United States,Mac,114,1,0.0,0.5086842105263158,0.0,0.0,0.0,115.98,0.008771929824561403,1.0173684210526317,115.98,0.5175192520775624
277,1,female,55+,United States,Other,1,0,0.0,0.0,0.0,0.0,0.0,0.0,0.0,0.0,,0.0
278,1,female,55+,United States,Windows,354,3,0.11293785310734462,0.3671892655367232,0.16946327683615817,0.0,0.0,539.9100000000001,0.00847457627118644,1.525169491525424,179.97000000000003,0.9907354531743754
279,1,female,55+,United States,iOS,1771,14,0.15238848108413325,0.03499153020892151,0.005643704121964991,0.005481164797934985,0.0014815076228119704,543.73,0.007905138339920948,0.3070186335403727,38.837857142857146,0.0613995475200121
280,1,female,55+,United States,iPadOS,74,1,0.0,0.13506756756756755,0.0,0.0,0.0,19.99,0.013513513513513514,0.2701351351351351,19.99,0.03648649561723885
281,1,male,35-,Other,Android,31782,53,0.06260430432320181,0.0036523818513624065,0.0040002989113334594,0.003052176883590892,0.001300047983135108,4070.52,0.00166761059719338,0.12807626958655843,76.8022641509434,0.009555669287532369
282,1,male,35-,Other,Chrome OS,83,0,0.0,0.0,0.0,0.0,0.0,0.0,0.0,0.0,,0.0
283,1,male,35-,Other,GNU/Linux,228,0,0.0,0.0,0.0,0.0,0.0,0.0,0.0,0.0,,0.0
284,1,male,35-,Other,Mac,427,3,0.41332552693208424,0.0,0.0,0.0,0.0,176.48999999999998,0.00702576112412178,0.41332552693208424,58.82999999999999,0.1708379912136851
285,1,male,35-,Other,Other,33,0,0.0,0.0,0.0,0.0,0.0,0.0,0.0,0.0,,0.0
286,1,male,35-,Other,Windows,7161,17,0.034798212540148026,0.0030344923893310984,0.0016656193269096494,0.0007975741616294611,0.00112196271470465,508.89,0.0023739701159055998,0.07106409719312945,29.93470588235294,0.002943322909067358
287,1,male,35-,Other,iOS,3877,20,0.14670621614650503,0.017009285530049007,0.0,0.0,0.0,700.67,0.005158627805003869,0.18072478720660304,35.0335,0.029587449202917494
288,1,male,35-,Other,iPadOS,20,0,0.0,0.0,0.0,0.0,0.0,0.0,0.0,0.0,,0.0
289,1,male,35-,"UK, GB, CA, NZ, AU",Android,27809,140,0.15692078104210866,0.020439785680894672,0.023666349023697363,0.016598223596677335,0.012168160487611924,16778.39,0.005034341400266101,0.6033438814772196,119.84564285714285,0.138644381457488
290,1,male,35-,"UK, GB, CA, NZ, AU",Chrome OS,537,1,0.0,0.01861266294227188,0.005581936685288642,0.012758712423516892,0.009072392923649905,157.89,0.00186219739292365,0.29402234636871505,157.89,0.013532585769943567
291,1,male,35-,"UK, GB, CA, NZ, AU",GNU/Linux,225,1,0.24813333333333332,0.0,0.0,0.0,0.0,55.83,0.0044444444444444444,0.24813333333333332,55.83,0.0615701511111111
292,1,male,35-,"UK, GB, CA, NZ, AU",Mac,1608,8,0.17454601990049753,0.2517630597014925,0.037070895522388084,0.03285092395167024,0.0014148009950248792,1734.9500000000005,0.004975124378109453,1.0789490049751247,216.86875000000006,0.5369343329218338
293,1,male,35-,"UK, GB, CA, NZ, AU",Other,93,0,0.0,0.0,0.0,0.0,0.0,0.0,0.0,0.0,,0.0
294,1,male,35-,"UK, GB, CA, NZ, AU",Windows,3405,14,0.11619383259911893,0.04037738619676946,0.016304698972099855,0.0,0.004623348017621146,1144.56,0.0041116005873715125,0.3361409691629956,81.75428571428571,0.05966477522689489
295,1,male,35-,"UK, GB, CA, NZ, AU",iOS,20735,112,0.17809211478176995,0.020824933687002653,0.010365806607185916,0.006114781769954184,0.002615294188570051,7171.2699999999995,0.00540149505666747,0.345853387991319,64.02919642857142,0.07540051082419363
296,1,male,35-,"UK, GB, CA, NZ, AU",iPadOS,314,1,0.0636624203821656,0.0,0.0,0.0,0.0,19.99,0.0031847133757961785,0.0636624203821656,19.99,0.0040529037689155745
297,1,male,35-,United States,Android,55137,266,0.20465422493062735,0.038890944374920654,0.018237662549649054,0.008628792177407446,0.007683350109726679,29703.51,0.004824346627491521,0.5387219108765439,111.66733082706766,0.14981585587511975
298,1,male,35-,United States,Chrome OS,1738,1,0.011501726121979286,0.0,0.0,0.0,0.0,19.99,0.0005753739930955121,0.011501726121979286,19.99,0.00013228970378502067
299,1,male,35-,United States,GNU/Linux,500,1,0.0,0.019989999999999997,0.0,0.0,0.0,19.99,0.002,0.039979999999999995,19.99,0.0007992001999999998
300,1,male,35-,United States,Mac,1889,10,0.11217046056114345,0.03810746426680783,0.003173636844891477,0.0018135067685094155,0.0,403.82,0.005293806246691371,0.21377448385389095,40.382,0.033191709866589106
301,1,male,35-,United States,Other,213,1,0.09384976525821595,0.0,0.0,0.0,0.0,19.99,0.004694835680751174,0.09384976525821595,19.99,0.008807778439022237
302,1,male,35-,United States,Windows,5220,22,0.14898659003831416,0.05515134099616858,0.0,0.01028735632183908,0.015946599616858237,3061.25,0.00421455938697318,0.5864463601532567,139.14772727272728,0.1351007545970589
303,1,male,35-,United States,iOS,39824,234,0.25892903776617116,0.029216803937324225,0.00727846273603857,0.007961530735235034,0.003397856820008036,18182.56,0.005875853756528726,0.4565729208517477,77.70324786324787,0.14006912632373827
304,1,male,35-,United States,iPadOS,425,3,0.09407058823529411,0.09408235294117646,0.0,0.0,0.0,119.94999999999999,0.007058823529411765,0.28223529411764703,39.98333333333333,0.053103400692041516
305,1,male,35-45,Other,Android,13242,76,0.1469732668781151,0.03741164476665156,0.023554221416704428,0.015301421882754008,0.003045990031717264,6248.36,0.0057393143029753815,0.47185923576499017,82.21526315789474,0.10677539617624825
306,1,male,35-45,Other,Chrome OS,15,0,0.0,0.0,0.0,0.0,0.0,0.0,0.0,0.0,,0.0
307,1,male,35-45,Other,GNU/Linux,147,0,0.0,0.0,0.0,0.0,0.0,0.0,0.0,0.0,,0.0
308,1,male,35-45,Other,Mac,253,1,0.07901185770750987,0.0,0.0,0.0,0.0,19.99,0.003952569169960474,0.07901185770750987,19.99,0.006242873658391788
309,1,male,35-45,Other,Other,6,0,0.0,0.0,0.0,0.0,0.0,0.0,0.0,0.0,,0.0
310,1,male,35-45,Other,Windows,1976,16,0.16512651821862345,0.015174595141700404,0.005218876518218623,0.006114083285135916,0.004616333502024292,658.03,0.008097165991902834,0.33301113360323886,41.126875,0.06535357039384228
311,1,male,35-45,Other,iOS,1404,24,0.5860185185185185,0.00853988603988604,0.00989494301994302,0.004614367114367114,0.0030248397435897437,1015.62,0.017094017094017096,0.7233760683760684,42.3175,0.4427731055103985
312,1,male,35-45,Other,iPadOS,13,0,0.0,0.0,0.0,0.0,0.0,0.0,0.0,0.0,,0.0
313,1,male,35-45,"UK, GB, CA, NZ, AU",Android,27685,259,0.25334441033050387,0.055512371320209496,0.030391728372765037,0.03907025465053278,0.018838631027632297,29369.52,0.009355246523388117,1.0608459454578292,113.39583011583012,0.4213228129386791
314,1,male,35-45,"UK, GB, CA, NZ, AU",Chrome OS,155,2,0.12896774193548385,0.0,0.05158064516129032,0.0,0.0,51.97,0.012903225806451613,0.3352903225806452,25.985,0.06053612695109261
315,1,male,35-45,"UK, GB, CA, NZ, AU",GNU/Linux,322,1,0.09186335403726707,0.0,0.0,0.0,0.0,29.58,0.003105590062111801,0.09186335403726707,29.58,0.008438875814976272
316,1,male,35-45,"UK, GB, CA, NZ, AU",Mac,729,8,0.40381344307270234,0.013710562414266117,0.0,0.0,0.0037705761316872426,358.34999999999997,0.010973936899862825,0.4915637860082304,44.793749999999996,0.20709315956521981
317,1,male,35-45,"UK, GB, CA, NZ, AU",Other,46,0,0.0,0.0,0.0,0.0,0.0,0.0,0.0,0.0,,0.0
318,1,male,35-45,"UK, GB, CA, NZ, AU",Windows,1904,24,0.5766544117647059,0.19136029411764707,0.2581959033613445,0.07749174669867946,0.09961035976890757,7860.41,0.012605042016806723,4.128366596638656,327.51708333333335,4.967716020853014
319,1,male,35-45,"UK, GB, CA, NZ, AU",iOS,10581,126,0.450894055382289,0.0494121538606937,0.04563958983082884,0.025984851553323342,0.014057154333238826,12052.66,0.011908137227105188,1.1390851526320764,95.65603174603174,0.6674900082538227
320,1,male,35-45,"UK, GB, CA, NZ, AU",iPadOS,113,0,0.0,0.0,0.0,0.0,0.0,0.0,0.0,0.0,,0.0
321,1,male,35-45,United States,Android,68728,436,0.20144468047957165,0.02906872017227331,0.009735733616575487,0.004895072916839882,0.005389169988941915,28798.22,0.0063438482132464205,0.4190172855313701,66.0509633027523,0.10497781563854112
322,1,male,35-45,United States,Chrome OS,659,2,0.06066767830045523,0.0,0.0,0.0,0.0,39.98,0.0030349013657056147,0.06066767830045523,19.99,0.003680567190367527
323,1,male,35-45,United States,GNU/Linux,1115,7,0.11832286995515695,0.0,0.0,0.002561178731582319,0.0,151.92,0.006278026905829596,0.13625112107623316,21.70285714285714,0.016470587153802178
324,1,male,35-45,United States,Mac,1117,10,0.2988540734109221,0.0,0.0044740376007162035,0.0038355288400051153,0.009174127126230976,547.76,0.008952551477170993,0.49038495971351836,54.775999999999996,0.1551272831153093
325,1,male,35-45,United States,Other,42,0,0.0,0.0,0.0,0.0,0.0,0.0,0.0,0.0,,0.0
326,1,male,35-45,United States,Windows,4531,35,0.4673692341646436,0.0891392628558817,0.05394725226219378,0.021999873884667533,0.006592087839329065,5078.84,0.007724564113882146,1.12090929154712,145.1097142857143,0.7163145170093462
327,1,male,35-45,United States,iOS,19481,242,0.49881730917304035,0.15580925003849905,0.08103151788922539,0.054856086883190214,0.031127380524613724,39285.24,0.012422360248447204,2.0165925773830913,162.33570247933883,1.6569162399255586
328,1,male,35-45,United States,iPadOS,214,0,0.0,0.0,0.0,0.0,0.0,0.0,0.0,0.0,,0.0
329,1,male,45-55,Other,Android,13248,93,0.20932744565217393,0.07965617451690822,0.04755717844202899,0.03871463077984817,0.038615734450483094,19179.43,0.007019927536231884,1.447722675120773,206.23043010752687,0.5991706684718807
330,1,male,45-55,Other,Chrome OS,20,2,0.0,0.52975,0.0,0.1542142857142857,0.0,42.78,0.1,2.1390000000000002,21.39,1.4629996071428575
331,1,male,45-55,Other,GNU/Linux,217,1,0.09211981566820276,0.0,0.01381336405529954,0.0,0.0,31.98,0.004608294930875576,0.14737327188940091,31.98,0.015611719297500477
332,1,male,45-55,Other,Mac,530,4,0.03771698113207547,0.018858490566037736,0.06291509433962264,0.0,0.0,173.35999999999999,0.007547169811320755,0.3270943396226415,43.339999999999996,0.03908468778924884
333,1,male,45-55,Other,Other,2,0,0.0,0.0,0.0,0.0,0.0,0.0,0.0,0.0,,0.0
334,1,male,45-55,Other,Windows,2161,14,0.7262239703840814,0.058984266543266974,0.01898079592781118,0.03728432603953196,0.025332600647848223,3428.27,0.006478482184173994,1.5864275798241554,244.87642857142856,1.375124880574226
335,1,male,45-55,Other,iOS,1192,28,0.5562835570469798,0.3630830536912752,0.07018875838926177,0.06877996164908914,0.014041526845637578,2705.0399999999995,0.02348993288590604,2.269328859060402,96.60857142857141,2.433575750790665
336,1,male,45-55,Other,iPadOS,8,0,0.0,0.0,0.0,0.0,0.0,0.0,0.0,0.0,,0.0
337,1,male,45-55,"UK, GB, CA, NZ, AU",Android,32424,377,0.29909233900814214,0.1296627498149519,0.05857929311621021,0.06791534489443445,0.03941906458179127,61568.229999999996,0.011627189735998026,1.898847458672588,163.3109549071618,1.1291853233312783
338,1,male,45-55,"UK, GB, CA, NZ, AU",Chrome OS,184,0,0.0,0.0,0.0,0.0,0.0,0.0,0.0,0.0,,0.0
339,1,male,45-55,"UK, GB, CA, NZ, AU",GNU/Linux,317,1,0.06305993690851734,0.0,0.0,0.0,0.0,19.99,0.0031545741324921135,0.06305993690851734,19.99,0.003976555642906188
340,1,male,45-55,"UK, GB, CA, NZ, AU",Mac,880,13,0.29559090909090907,0.10959659090909091,0.05958522727272727,0.009738636363636366,0.0,722.74,0.014772727272727272,0.8212954545454546,55.59538461538462,0.38971402608471073
341,1,male,45-55,"UK, GB, CA, NZ, AU",Other,26,1,0.7688461538461537,0.23057692307692312,0.0,0.0,0.0,31.98,0.038461538461538464,1.23,31.98,1.2292903846153844
342,1,male,45-55,"UK, GB, CA, NZ, AU",Windows,2836,38,0.3829619181946403,0.1388839915373766,0.12735190409026798,0.03492544831754988,0.0360152944287729,5646.08,0.013399153737658674,1.9908603667136813,148.58105263157896,1.4336953108148394
343,1,male,45-55,"UK, GB, CA, NZ, AU",iOS,12173,224,0.7003573482296888,0.21721514827897806,0.12125954982337961,0.0569151870063724,0.03540971822886717,31464.62,0.018401380103507763,2.5847876447876446,140.46705357142858,2.9238005127267765
344,1,male,45-55,"UK, GB, CA, NZ, AU",iPadOS,238,3,0.9299579831932773,0.0,0.0,0.0,0.0,221.32999999999998,0.012605042016806723,0.9299579831932773,73.77666666666666,0.8648218505049078
345,1,male,45-55,United States,Android,85984,722,0.2677736555638258,0.09698717203200595,0.06963801404912542,0.04064721343505771,0.026030947618161517,123930.95000000001,0.008396911053219203,1.4413257117603275,171.64951523545707,0.7222151675606807
346,1,male,45-55,United States,Chrome OS,244,2,0.08192622950819671,0.040963114754098355,0.0,0.0,0.0,39.98,0.00819672131147541,0.16385245901639342,19.99,0.020135721244289164
347,1,male,45-55,United States,GNU/Linux,540,2,0.07403703703703703,0.0,0.0,0.0,0.0,39.98,0.003703703703703704,0.07403703703703703,19.99,0.005481482853223593
348,1,male,45-55,United States,Mac,749,9,0.42708945260347125,0.013344459279038717,0.0066722296395193585,0.0,0.0,359.87,0.012016021361815754,0.48046728971962616,39.98555555555556,0.21481987603408903
349,1,male,45-55,United States,Other,38,0,0.0,0.0,0.0,0.0,0.0,0.0,0.0,0.0,,0.0
350,1,male,45-55,United States,Windows,1789,33,0.6727557294577976,0.3576634991615428,0.37751816657350473,0.11894114828715165,0.13293599776411402,10479.46,0.0184460592509782,5.857719396310788,317.5593939393939,9.72272783252432
351,1,male,45-55,United States,iOS,12112,201,0.5837334874504623,0.25274273447820345,0.1424653236459709,0.05706973013776184,0.027694074058784678,30300.27,0.016595112285336857,2.5016735468956406,150.7476119402985,2.661043535213944
352,1,male,45-55,United States,iPadOS,174,5,0.11488505747126436,0.05744252873563218,0.02872126436781609,0.2770525451559934,0.09695043103448275,667.3299999999999,0.028735632183908046,3.835229885057471,133.46599999999998,2.2054559514667433
353,1,male,55+,Other,Android,9366,86,0.26322976724322017,0.09791373051462737,0.04420136664531284,0.051090875812208295,0.018931574311338885,12142.12,0.009182148195601111,1.2964040145206066,141.18744186046513,0.6162680949243036
354,1,male,55+,Other,Chrome OS,38,1,0.0,0.0,0.0,0.0818421052631579,0.0,21.77,0.02631578947368421,0.5728947368421052,21.77,0.046886911357340716
355,1,male,55+,Other,GNU/Linux,77,0,0.0,0.0,0.0,0.0,0.0,0.0,0.0,0.0,,0.0
356,1,male,55+,Other,Mac,308,14,1.141720779220779,0.3945129870129871,0.14513798701298702,0.04616883116883117,0.03815543831168832,1061.0500000000002,0.045454545454545456,3.444967532467533,75.78928571428573,6.082765470502508
357,1,male,55+,Other,Other,12,0,0.0,0.0,0.0,0.0,0.0,0.0,0.0,0.0,,0.0
358,1,male,55+,Other,Windows,2467,28,0.5006728820429672,0.1886704499391974,0.19075293879205513,0.13853263072557762,0.10981784556141064,10775.46,0.011349817592217268,4.367839481151195,384.8378571428571,4.928874254190581
359,1,male,55+,Other,iOS,1082,27,0.4390295748613678,0.0776709796672828,0.09058456561922368,0.10232373910747293,0.04804182070240296,2641.86,0.024953789279112754,2.4416451016635863,97.84666666666668,1.8499140714909261
360,1,male,55+,Other,iPadOS,23,1,2.0230434782608695,0.0,0.0,0.0,0.0,46.53,0.043478260869565216,2.0230434782608695,46.53,4.0927049149338375
361,1,male,55+,"UK, GB, CA, NZ, AU",Android,41100,659,0.3886549878345499,0.19278990267639903,0.1324844890510949,0.08446329509906152,0.05617708333333333,114843.64,0.016034063260340632,2.7942491484184915,174.26955993930198,2.3878808185401565
362,1,male,55+,"UK, GB, CA, NZ, AU",Chrome OS,575,3,0.2221391304347826,0.05314782608695653,0.0132304347826087,0.05825590062111802,0.03921956521739131,814.58,0.0052173913043478265,1.4166608695652174,271.5266666666667,0.5468209766459627
363,1,male,55+,"UK, GB, CA, NZ, AU",GNU/Linux,390,6,0.7433076923076922,0.17356410256410257,0.03844871794871796,0.019769230769230768,0.0019214743589743592,551.21,0.015384615384615385,1.4133589743589745,91.86833333333334,1.3808675729372124
364,1,male,55+,"UK, GB, CA, NZ, AU",Mac,1789,46,0.4934097261039687,0.1569480156512018,0.038602571268865286,0.19255370118981072,0.03853968697596423,5235.02,0.025712688652878703,2.9262269424259366,113.80478260869566,2.692285928900326
365,1,male,55+,"UK, GB, CA, NZ, AU",Other,48,3,7.122708333333333,3.873958333333334,0.3124479166666667,0.0,0.01561197916666667,785.77,0.0625,16.370208333333334,261.92333333333335,185.38813314615885
366,1,male,55+,"UK, GB, CA, NZ, AU",Windows,7161,133,0.548965228320067,0.15759251501186985,0.15758029604803797,0.0799870329363417,0.05741996578690127,21290.37,0.01857282502443793,2.9731001256807708,160.077969924812,2.9776936786596293
367,1,male,55+,"UK, GB, CA, NZ, AU",iOS,13569,262,0.8915793352494658,0.3553699609403788,0.14398150195298104,0.0908483623385237,0.06906957034416686,53180.939999999995,0.0193087184022404,3.919296926818483,202.98068702290075,6.07823666468479
368,1,male,55+,"UK, GB, CA, NZ, AU",iPadOS,1000,14,1.12595,0.22422999999999998,0.184355,0.07645285714285714,0.050545,3655.7200000000003,0.014,3.65572,261.1228571428572,6.074098896514286
369,1,male,55+,United States,Android,128910,1497,0.34006314482972616,0.12039186253975642,0.10852978822434256,0.09691086804747498,0.06559696687611512,353586.41000000003,0.011612753083546661,2.7428935691567764,236.1966666666667,2.0064064321317923
370,1,male,55+,United States,Chrome OS,794,16,0.6219773299748111,0.12087531486146091,0.10074937027707812,0.012943504857862543,0.0031470403022670025,1117.7,0.020151133501259445,1.4076826196473553,69.85625,1.2101742753371136
371,1,male,55+,United States,GNU/Linux,673,4,0.08910846953937593,0.0,0.01187964338781575,0.0025451071959244316,0.008355312035661219,193.91,0.005943536404160475,0.28812778603268946,48.4775,0.032238195053355886
372,1,male,55+,United States,Mac,1828,40,0.6735229759299781,0.5464004376367615,0.2617272975929978,0.108606595811191,0.13435311816192558,10461.88,0.02188183807439825,5.723129102844639,261.54699999999997,9.870168115147102
373,1,male,55+,United States,Other,41,1,0.0,0.0,0.0,0.06965156794425087,0.0,19.99,0.024390243902439025,0.4875609756097561,19.99,0.033959386419648165
374,1,male,55+,United States,Windows,5760,152,0.65803125,0.3092890625,0.25289279513888885,0.2097599206349206,0.21939171006944447,41856.58,0.02638888888888889,7.266767361111111,275.3722368421053,11.985549847160325
375,1,male,55+,United States,iOS,20817,422,0.583350626891483,0.2911569870778691,0.22703787769611372,0.15986844543264775,0.1023668756304943,100562.04000000001,0.020271893164240766,4.83076523994812,238.29867298578202,6.588104945037555
376,1,male,55+,United States,iPadOS,694,16,1.4435302593659942,0.6237391930835734,0.4430007204610952,0.8088843145327295,0.6175414265129683,13884.07,0.023054755043227664,20.005864553314122,867.754375,78.7570052421961
